Var1,Var2,value
1.3.1,10.c.1,0.666763725810986
2.2.2,1.5.2,0.666823875555173
17.3.2,10.c.1,0.667084664026239
10.4.1,3.3.2,0.66793537813667
8.8.2,2.2.1,0.668085310901428
1.5.3,17.3.2,0.668274212168027
11.b.1,17.3.2,0.668274212168027
13.1.2,17.3.2,0.668274212168027
2.a.1,10.c.1,-0.668387704053855
11.5.2,3.2.1,-0.668434404580063
11.5.2,1.5.4,0.668811514606301
11.5.2,11.b.2,0.668811514606301
13.1.3,11.5.2,0.668811514606301
13.1.2,6.2.1,-0.66883405803816
6.2.1,1.5.3,-0.66883405803816
6.2.1,11.b.1,-0.66883405803816
11.5.2,14.7.1,-0.669698889890614
11.5.2,15.6.1,0.669956691851903
11.5.1,2.2.2,0.670527630156618
13.1.1,2.2.2,0.670527630156618
2.2.2,1.5.1,0.670527630156618
10.5.1,3.2.1,0.670601048601908
8.8.2,10.c.1,0.670989605979929
15.1.1,10.c.1,-0.673535054320722
3.6.1,10.c.1,-0.673537836362575
14.b.1,10.c.1,0.673537836362578
3.4.2,10.c.1,0.673537836362578
3.8.1,10.c.1,0.673537836362578
10.c.1,16.3.2,0.673537836362584
6.5.1,10.c.1,0.673537836362586
3.9.3,10.c.1,-0.673537836362587
9.5.1,3.3.3,-0.673914955465377
11.5.2,3.3.1,-0.675331693240958
2.2.1,3.2.2,0.678286887338869
6.2.1,17.1.1,0.67836361103887
6.4.1,2.2.1,-0.678782962799587
1.5.3,9.4.1,-0.678919151192882
11.b.1,9.4.1,-0.678919151192882
13.1.2,9.4.1,-0.678919151192882
3.9.3,11.5.2,-0.67962022044133
11.5.2,3.6.1,-0.67962022044134
11.5.2,16.3.2,0.679620220441345
6.5.1,11.5.2,0.679620220441345
11.5.2,14.b.1,0.679620220441348
11.5.2,3.4.2,0.679620220441352
11.5.2,3.8.1,0.679620220441353
11.5.2,15.1.1,-0.679620931413243
2.2.1,14.7.1,-0.680208919956258
15.5.1,2.2.1,-0.68039264020927
11.b.1,9.5.2,-0.680494965338694
13.1.2,9.5.2,-0.680494965338694
9.5.2,1.5.3,-0.680494965338694
13.1.2,14.1.1,-0.681065764444516
14.1.1,1.5.3,-0.681065764444516
14.1.1,11.b.1,-0.681065764444516
10.5.1,11.1.1,0.681863969703423
1.5.3,15.2.1,0.682061250413853
11.b.1,15.2.1,0.682061250413853
13.1.2,15.2.1,0.682061250413853
10.5.1,9.1.2,0.682301958765163
9.5.2,9.4.1,0.68321414986596
2.c.1,2.2.2,-0.68337465460376
7.1.1,2.2.1,-0.684510616821061
11.5.2,3.2.2,0.684688314411666
6.1.1,10.5.1,0.684935480189054
17.8.1,2.2.1,0.685052202164916
2.2.1,15.1.1,-0.6853590808974
3.9.3,2.2.1,-0.685360534705981
3.6.1,2.2.1,-0.685360534705985
14.b.1,2.2.1,0.68536053470599
2.2.1,3.4.2,0.685360534705992
2.2.1,16.3.2,0.685360534705994
6.5.1,2.2.1,0.685360534705995
3.8.1,2.2.1,0.685360534706003
10.c.1,15.2.1,0.685513522764542
11.5.2,4.3.1,-0.686349949978415
2.2.1,17.17.1,0.687371066614466
8.8.2,11.5.2,0.687967658066424
6.4.1,10.c.1,-0.688964844406692
11.5.2,12.c.1,0.68931976607757
2.a.1,9.5.2,0.689335277057014
17.8.1,11.5.2,0.689487556349046
14.7.1,10.c.1,-0.689716315332562
10.5.1,12.c.1,-0.690032500291196
7.1.2,2.2.1,0.690096545935982
4.5.1,17.4.1,-0.690148998585897
1.5.1,17.3.2,0.690513989820043
11.5.1,17.3.2,0.690513989820043
13.1.1,17.3.2,0.690513989820043
9.5.2,17.13.1,-0.690603553342476
10.5.1,2.1.1,-0.691904066319647
17.17.1,3.3.1,-0.692559396466002
17.17.1,3.3.5,0.693723136780841
11.6.2,11.5.2,-0.694552435412462
15.5.1,10.c.1,-0.69526531131281
4.3.1,9.5.2,0.696206809346213
17.4.1,8.2.1,0.698206863871628
1.5.3,1.4.1,0.698567210773492
11.b.1,1.4.1,0.698567210773492
13.1.2,1.4.1,0.698567210773492
2.2.1,17.3.1,-0.699222466614909
2.2.1,10.c.1,0.699851824273979
1.a.2,15.6.1,-0.700429277301118
11.1.1,10.c.1,-0.700453408975305
6.2.1,9.5.2,0.700584966360136
17.17.1,3.3.3,0.700757661004708
7.3.1,3.3.1,-0.70249908594978006
13.1.2,6.4.2,0.704637604297
6.4.2,1.5.3,0.704637604297
6.4.2,11.b.1,0.704637604297
17.1.1,3.3.1,0.705249289228833
2.2.1,15.2.1,0.7055237119645
7.1.2,11.5.2,0.706620364649601
2.2.1,3.3.3,0.706643216716422
11.6.2,9.5.2,0.707885501082986
14.1.1,17.1.1,0.708865498505126
3.b.1,10.5.1,0.709670539223393
1.5.3,2.1.2,-0.710100300765493
11.b.1,2.1.2,-0.710100300765493
13.1.2,2.1.2,-0.710100300765493
9.5.2,17.3.1,0.710107719611539
14.1.1,17.17.1,-0.711195654361581
13.1.2,2.a.1,-0.711257192916799
2.a.1,1.5.3,-0.711257192916799
2.a.1,11.b.1,-0.711257192916799
3.b.1,3.3.2,0.712504575453642
1.a.2,2.2.2,-0.7132336636286
9.5.2,7.a.1,0.714232391461069
11.b.1,2.2.2,0.714357271533365
13.1.2,2.2.2,0.714357271533365
2.2.2,1.5.3,0.714357271533365
2.2.2,9.5.1,-0.716056310005135
1.5.3,3.3.1,-0.71684384797528
11.b.1,3.3.1,-0.71684384797528
13.1.2,3.3.1,-0.71684384797528
6.6.1,17.17.1,-0.71829567860014
2.2.1,2.1.2,-0.719277369901845
11.5.2,3.3.3,0.719788581889625
17.17.1,16.2.2,-0.720455854378791
1.5.4,1.5.1,0.72115194730641
11.5.1,1.5.4,0.72115194730641
11.5.1,11.b.2,0.72115194730641
11.b.2,1.5.1,0.72115194730641
13.1.1,1.5.4,0.72115194730641
13.1.1,11.b.2,0.72115194730641
13.1.3,1.5.1,0.72115194730641
13.1.3,11.5.1,0.72115194730641
13.1.3,13.1.1,0.72115194730641
14.1.1,15.6.1,-0.721626596309125
16.6.1,2.2.1,0.721736274940052
9.5.1,10.c.1,-0.722934634673
7.2.1,2.2.2,-0.723383823638775
6.2.1,17.3.1,0.723489177853869
11.5.2,16.6.1,0.7242878878782
9.4.1,10.c.1,-0.724498847218831
6.1.1,17.17.1,-0.724956475393225
17.17.1,15.6.1,0.725369699703203
1.5.3,9.1.2,-0.725387695473124
11.b.1,9.1.2,-0.725387695473124
13.1.2,9.1.2,-0.725387695473124
7.3.1,17.1.1,-0.725455998967218
11.5.2,2.1.1,0.725630999892568
1.5.4,10.c.1,0.7264289964992
11.b.2,10.c.1,0.7264289964992
13.1.3,10.c.1,0.7264289964992
1.3.1,1.5.3,0.727482025832441
11.b.1,1.3.1,0.727482025832441
13.1.2,1.3.1,0.727482025832441
6.1.1,17.1.1,0.728629801222834
13.1.2,6.1.1,-0.728805021758262
6.1.1,1.5.3,-0.728805021758262
6.1.1,11.b.1,-0.728805021758262
6.1.1,10.c.1,-0.729599583348163
4.2.2,11.5.2,0.730850353955858
2.2.1,1.4.1,0.731143332340386
7.1.1,9.5.1,0.731822504271643
11.5.2,1.3.1,0.731873667404908
4.2.2,9.5.1,-0.732323210665544
6.6.1,10.5.1,0.733106363154137
2.2.1,1.5.2,0.733283850531839
4.2.2,17.17.1,0.733915892394748
7.3.1,10.7.3,0.734032643375822
11.5.2,3.4.1,0.734075887252866
11.6.2,1.5.3,-0.734113282149892
11.6.2,11.b.1,-0.734113282149892
13.1.2,11.6.2,-0.734113282149892
3.3.5,17.1.1,-0.735051916185395
17.13.1,17.1.1,-0.736396603531471
10.4.1,17.13.1,-0.73642516626594
1.a.2,17.3.1,0.736886930622217
6.2.1,3.3.2,0.737600942709527
10.4.1,17.3.2,-0.738255974814069
6.4.2,10.c.1,0.738624507539591
9.5.1,17.3.2,-0.738972277609293
11.1.1,1.5.3,-0.73905228848224
11.1.1,11.b.1,-0.73905228848224
13.1.2,11.1.1,-0.73905228848224
15.6.1,17.1.1,-0.739140345171713
6.1.1,9.5.2,0.740860723483526
13.1.2,3.b.1,-0.7428553270357
3.b.1,1.5.3,-0.7428553270357
3.b.1,11.b.1,-0.7428553270357
3.4.1,2.2.1,0.742987180344916
11.5.2,2.2.1,0.743179012925763
14.1.1,3.3.3,-0.743504979339802
6.2.1,17.17.1,-0.743552637499537
2.2.2,2.2.1,0.743661963184321
17.17.1,15.2.1,0.744828128618086
1.5.4,3.3.5,0.74570047190365
11.b.2,3.3.5,0.74570047190365
13.1.3,3.3.5,0.74570047190365
1.5.3,3.3.3,0.745785414942171
11.b.1,3.3.3,0.745785414942171
13.1.2,3.3.3,0.745785414942171
3.3.5,9.4.1,-0.745815231844315
2.2.2,17.1.1,-0.747595991551467
1.a.2,17.3.2,-0.747622649393998
9.5.2,12.a.1,-0.748103132799418
9.5.2,7.b.1,-0.748103132799418
10.5.1,12.a.1,-0.748634850551803
10.5.1,7.b.1,-0.748634850551803
9.5.2,16.2.2,0.749344905028069
1.5.3,17.3.1,-0.749466358743429
11.b.1,17.3.1,-0.749466358743429
13.1.2,17.3.1,-0.749466358743429
11.b.1,3.4.1,0.750367485731501
13.1.2,3.4.1,0.750367485731501
3.4.1,1.5.3,0.750367485731501
7.2.1,17.17.1,-0.751089521933495
7.a.1,8.2.1,-0.752330767982483
1.5.3,14.7.1,-0.752365278282815
11.b.1,14.7.1,-0.752365278282815
13.1.2,14.7.1,-0.752365278282815
2.1.2,10.c.1,-0.752719401914187
10.4.1,15.6.1,-0.753720583452725
2.2.1,17.13.1,0.753900876795552
11.b.1,15.5.1,-0.753927561757035
13.1.2,15.5.1,-0.753927561757035
15.5.1,1.5.3,-0.753927561757035
13.1.2,6.4.1,-0.754158681003551
6.4.1,1.5.3,-0.754158681003551
6.4.1,11.b.1,-0.754158681003551
9.5.2,9.1.2,0.754205776083888
17.17.1,2.1.2,-0.755592048096915
7.2.1,10.c.1,-0.755688124763633
7.2.1,17.3.1,0.756118833645448
13.1.2,4.3.1,-0.756318985363508
4.3.1,1.5.3,-0.756318985363508
4.3.1,11.b.1,-0.756318985363508
16.6.1,17.13.1,0.75660152533066
2.a.1,3.3.5,-0.756838281675297
2.2.1,1.3.1,0.7571069297785
10.5.1,16.2.2,0.757453612778874
8.8.2,17.17.1,0.757754210325125
7.1.2,17.17.1,0.758798864980429
7.3.1,15.6.1,0.758986434885545
16.6.1,17.17.1,0.759047411046625
3.b.1,17.17.1,-0.759224820136569
14.1.1,17.13.1,-0.760472822940333
10.4.1,8.3.1,0.761081516126153
1.5.3,3.2.1,-0.761445494772216
11.b.1,3.2.1,-0.761445494772216
13.1.2,3.2.1,-0.761445494772216
1.a.2,7.3.1,-0.762798859909265
6.4.2,3.3.3,0.763585554704527
13.1.2,4.2.2,0.76377525369556
4.2.2,1.5.3,0.76377525369556
4.2.2,11.b.1,0.76377525369556
3.b.1,17.1.1,0.763893835871066
1.5.3,16.3.2,0.763959249071874
11.b.1,16.3.2,0.763959249071874
13.1.2,16.3.2,0.763959249071874
13.1.2,3.8.1,0.763959249071876
3.8.1,1.5.3,0.763959249071876
3.8.1,11.b.1,0.763959249071876
11.b.1,3.6.1,-0.763959249071878
13.1.2,3.6.1,-0.763959249071878
3.6.1,1.5.3,-0.763959249071878
11.b.1,3.4.2,0.763959249071879
13.1.2,3.4.2,0.763959249071879
3.4.2,1.5.3,0.763959249071879
13.1.2,14.b.1,0.763959249071884
13.1.2,6.5.1,0.763959249071884
14.b.1,1.5.3,0.763959249071884
14.b.1,11.b.1,0.763959249071884
6.5.1,1.5.3,0.763959249071884
6.5.1,11.b.1,0.763959249071884
13.1.2,3.9.3,-0.763959249071893
3.9.3,1.5.3,-0.763959249071893
3.9.3,11.b.1,-0.763959249071893
1.5.3,15.1.1,-0.763960861211977
11.b.1,15.1.1,-0.763960861211977
13.1.2,15.1.1,-0.763960861211977
2.a.1,3.3.3,-0.764408891596294
10.4.1,12.a.1,-0.76466517866792
10.4.1,7.b.1,-0.76466517866792
10.4.1,6.4.2,-0.76523010954185
11.1.1,9.5.2,0.76543831232609
17.13.1,3.3.5,0.765680090210251
6.2.1,3.3.5,-0.765895708282249
17.13.1,1.5.2,0.766217505184697
17.17.1,3.2.1,-0.766522722330389
9.5.2,15.2.1,-0.766566735593312
14.1.1,17.3.1,0.767431160336912
17.17.1,1.4.1,0.767488342488956
17.3.1,3.3.1,0.768400753911452
17.17.1,15.1.1,-0.768450438566031
3.6.1,17.17.1,-0.768450634648524
3.9.3,17.17.1,-0.768450634648531
6.5.1,17.17.1,0.768450634648531
3.8.1,17.17.1,0.768450634648534
14.b.1,17.17.1,0.768450634648536
17.17.1,16.3.2,0.768450634648537
17.17.1,3.4.2,0.768450634648538
17.17.1,9.1.2,-0.76866848870983
6.4.2,3.3.5,0.769070701166523
13.1.2,7.1.2,0.769113484761397
7.1.2,1.5.3,0.769113484761397
7.1.2,11.b.1,0.769113484761397
11.6.2,17.1.1,0.769270058496882
11.5.2,3.3.5,0.770237024611293
14.1.1,2.2.2,-0.770421165582951
7.1.1,14.1.1,0.770506518801252
7.1.1,9.5.2,0.771399108004106
6.4.1,17.17.1,-0.77160905622898
13.1.2,7.1.1,-0.771835819849236
7.1.1,1.5.3,-0.771835819849236
7.1.1,11.b.1,-0.771835819849236
12.c.1,17.17.1,0.771893306622288
1.a.2,17.17.1,-0.772086471263848
9.5.2,1.4.1,-0.772262212873476
8.3.1,3.3.2,0.772425264794379
11.5.2,17.3.2,0.773404678954021
1.5.3,3.2.2,0.773459655230662
11.b.1,3.2.2,0.773459655230662
13.1.2,3.2.2,0.773459655230662
7.3.1,6.2.1,-0.773479670206199
16.2.2,17.1.1,0.773836967555427
13.1.2,8.8.2,0.77390357667398
8.8.2,1.5.3,0.77390357667398
8.8.2,11.b.1,0.77390357667398
7.2.1,15.6.1,-0.77395452961197
7.3.1,3.3.3,0.774765827719745
17.17.1,14.7.1,-0.775475630283593
4.5.1,7.a.1,0.77564017256653
15.5.1,17.17.1,-0.775793925532956
7.2.1,17.3.2,-0.775899628984213
17.17.1,17.1.1,-0.77658973099701
14.1.1,17.3.2,-0.777259269202766
7.3.1,17.17.1,0.777853445684877
17.17.1,3.2.2,0.778109506530459
17.17.1,17.3.1,-0.778428239355333
10.4.1,3.4.1,-0.778472598411558
12.c.1,17.1.1,-0.778535006484093
8.8.2,7.3.1,0.780043002676949
1.5.4,2.2.1,0.780172112541638
11.b.2,2.2.1,0.780172112541638
13.1.3,2.2.1,0.780172112541638
17.13.1,17.3.1,-0.780174123948279
13.1.2,17.8.1,0.780225215443168
17.8.1,1.5.3,0.780225215443168
17.8.1,11.b.1,0.780225215443168
17.8.1,17.17.1,0.781001891857685
10.4.1,1.5.4,-0.782464456611189
10.4.1,11.b.2,-0.782464456611189
13.1.3,10.4.1,-0.782464456611189
1.5.3,16.2.2,-0.782917175313087
11.b.1,16.2.2,-0.782917175313087
13.1.2,16.2.2,-0.782917175313087
9.5.1,15.6.1,-0.782981284642681
2.2.2,9.5.2,-0.783066678599404
9.5.2,15.6.1,-0.783566213553665
9.1.2,17.1.1,0.783677247990732
11.6.2,17.17.1,-0.783736250230322
6.2.1,3.3.3,-0.783811336935679
3.b.1,17.3.1,0.783879421339513
1.3.1,17.17.1,0.78421615684046
17.17.1,9.4.1,-0.784498844531956
12.c.1,1.5.3,0.78495366773077
12.c.1,11.b.1,0.78495366773077
13.1.2,12.c.1,0.78495366773077
2.c.1,3.3.3,-0.785047593974774
9.4.1,3.3.3,-0.78690330558901
11.5.2,2.2.2,0.787173727626401
11.5.1,2.2.1,0.789351058960683
13.1.1,2.2.1,0.789351058960683
2.2.1,1.5.1,0.789351058960683
8.3.1,9.5.1,0.789362767452212
17.17.1,2.1.1,0.789500162874002
7.3.1,2.1.1,0.789753674819942
7.3.1,7.1.2,0.790403177195903
3.b.1,9.5.2,0.79046617826454
7.1.2,17.1.1,-0.790686128288554
10.4.1,2.a.1,0.791229522631998
17.1.1,15.2.1,-0.792331408559708
9.1.2,3.3.5,-0.792523255164242
11.6.2,7.3.1,-0.792680445904638
11.1.1,17.17.1,-0.792874508820407
12.a.1,15.6.1,0.794100082162039
15.6.1,7.b.1,0.794100082162039
4.3.1,17.1.1,0.794610472949251
1.3.1,17.1.1,-0.795183614154795
17.1.1,17.3.2,-0.795380442861817
7.3.1,17.3.2,0.795382875580708
6.2.1,15.6.1,-0.796665934076346
16.2.2,3.3.5,-0.796699324742861
7.3.1,9.5.1,-0.796903466805998
3.4.1,9.5.1,-0.79712640531017
2.1.1,17.1.1,-0.797722098537834
8.8.2,10.4.1,-0.797924011220125
7.3.1,17.3.1,-0.798010109721393
1.a.2,7.1.1,0.798822006548171
10.4.1,11.1.1,0.798859634878138
3.2.1,17.1.1,0.798918864544046
9.5.2,3.3.3,-0.799664578980624
7.1.1,6.2.1,0.799823805564642
17.13.1,3.3.3,0.800271926528935
6.6.1,17.1.1,0.800892529297245
11.5.2,17.13.1,0.801610051774657
4.2.2,7.2.1,-0.801870206762518
8.8.2,17.1.1,-0.801889319748711
8.8.2,14.1.1,-0.802395537750093
2.a.1,17.17.1,-0.802446228607964
1.5.3,7.b.1,0.802464225975521
11.b.1,12.a.1,0.802464225975521
11.b.1,7.b.1,0.802464225975521
12.a.1,1.5.3,0.802464225975521
13.1.2,12.a.1,0.802464225975521
13.1.2,7.b.1,0.802464225975521
10.c.1,1.4.1,0.802850858406312
1.5.3,3.3.5,0.80381476530679
11.b.1,3.3.5,0.80381476530679
13.1.2,3.3.5,0.80381476530679
9.5.2,2.1.2,0.803990098141853
12.a.1,17.1.1,-0.804511612300962
7.b.1,17.1.1,-0.804511612300962
15.1.1,17.1.1,0.804917303612411
3.6.1,17.1.1,0.804917979060917
3.8.1,17.1.1,-0.804917979060924
6.5.1,17.1.1,-0.804917979060927
17.1.1,16.3.2,-0.804917979060928
3.4.2,17.1.1,-0.804917979060928
14.b.1,17.1.1,-0.804917979060934
3.9.3,17.1.1,0.804917979060943
1.a.2,17.13.1,-0.806428512781423
4.2.2,17.13.1,0.80797051584948
7.1.1,17.17.1,-0.808757473536006
6.1.1,17.3.1,0.808832462763178
15.5.1,17.1.1,0.808997154788483
7.3.1,1.3.1,0.809508090667854
2.1.2,17.1.1,0.809613902768691
17.17.1,17.3.2,0.809741611633424
6.4.1,17.1.1,0.80988817569354
3.3.5,15.2.1,0.80997587870562
3.2.2,17.1.1,-0.810311641305699
13.1.2,6.6.1,-0.810453125225449
6.6.1,1.5.3,-0.810453125225449
6.6.1,11.b.1,-0.810453125225449
16.6.1,1.5.2,0.811017544945942
10.4.1,2.1.1,-0.811457438912239
7.3.1,1.4.1,0.811609535712678
9.5.1,2.1.1,-0.812274647266989
1.5.4,17.1.1,-0.813012524224192
11.b.2,17.1.1,-0.813012524224192
13.1.3,17.1.1,-0.813012524224192
1.5.3,2.1.1,0.813019059977034
11.b.1,2.1.1,0.813019059977034
13.1.2,2.1.1,0.813019059977034
10.4.1,17.8.1,-0.813214538045389
7.3.1,6.6.1,-0.813544860006926
3.4.1,17.17.1,0.814386225421956
17.8.1,17.1.1,-0.814633578897132
4.2.2,17.1.1,-0.815744067254303
1.a.2,1.3.1,-0.815998892802044
7.3.1,14.1.1,-0.816206519754564
11.1.1,17.1.1,0.816253261620461
4.3.1,17.17.1,-0.816376573284874
3.b.1,3.3.3,-0.816458521836696
12.a.1,17.17.1,0.817796279170127
17.17.1,7.b.1,0.817796279170127
10.4.1,1.3.1,-0.818418018492689
9.5.2,14.7.1,0.818445945416133
1.a.2,3.4.1,-0.819977936194617
7.3.1,14.7.1,-0.820410280797142
10.4.1,12.c.1,-0.820829499473279
9.5.1,1.3.1,-0.82089842307624
3.b.1,3.3.5,-0.821756645319993
6.1.1,3.3.5,-0.822332041131148
7.3.1,15.2.1,0.822348609320026
7.3.1,3.2.1,-0.822475520750669
8.8.2,7.2.1,-0.82248999522191
9.5.2,15.5.1,0.822667409788579
7.3.1,15.1.1,-0.823201425324249
7.3.1,3.6.1,-0.823201729141011
7.3.1,14.b.1,0.823201729141012
7.3.1,3.4.2,0.823201729141012
7.3.1,3.8.1,0.823201729141016
6.5.1,7.3.1,0.823201729141017
7.3.1,3.9.3,-0.823201729141019
7.3.1,16.3.2,0.82320172914102
9.5.2,17.3.2,-0.823506223092771
6.4.2,17.17.1,0.823789838337901
14.7.1,17.1.1,0.823792109335102
9.5.1,17.13.1,-0.823832810460879
2.a.1,15.6.1,-0.824540147115013
9.5.2,3.4.1,-0.824719680010509
3.3.3,3.3.1,-0.824919397342355
7.2.1,17.13.1,-0.8258162975999
3.4.1,17.1.1,-0.826114713411301
7.2.1,2.1.1,-0.826548332047958
6.2.1,2.2.2,-0.826652879814214
10.4.1,4.3.1,0.827353135747005
10.4.1,1.4.1,-0.827791027279274
11.5.2,17.17.1,0.827997575716363
11.1.1,3.3.5,-0.828046512875793
6.4.1,9.5.2,0.828105335511665
3.b.1,7.3.1,-0.82824279901321
9.5.2,2.1.1,-0.828344004396424
6.6.1,9.5.2,0.829389327460703
4.2.2,9.5.2,-0.829659073537395
10.4.1,4.2.2,-0.829747058346942
1.5.4,3.3.3,0.8300223198253
11.b.2,3.3.3,0.8300223198253
13.1.3,3.3.3,0.8300223198253
15.6.1,10.c.1,0.830087177706546
7.2.1,3.4.1,-0.830602752930472
7.3.1,3.2.2,0.830769377553284
2.2.1,17.3.2,0.831017063729698
7.1.1,3.3.1,0.831233185045957
7.2.1,1.3.1,-0.831288454138136
8.8.2,1.a.2,-0.831661855479867
9.1.2,3.3.3,-0.83195453943051
4.3.1,9.5.1,0.83217803094775
14.1.1,1.3.1,-0.832305698982585
7.3.1,6.4.1,-0.832612157812587
4.2.2,14.1.1,-0.832695115247538
8.8.2,9.5.1,-0.83311484015226
7.3.1,17.8.1,0.833278342190993
10.4.1,3.2.2,-0.833463382678137
14.1.1,9.5.1,0.833524957736034
9.5.1,3.3.2,0.833638974680746
6.4.2,9.5.1,-0.833832501092059
6.2.1,17.3.2,-0.834069030195049
3.b.1,15.6.1,-0.834443941177337
10.4.1,15.5.1,0.834802094274279
3.3.5,15.6.1,0.835149850066744
7.3.1,3.4.1,0.835224216438628
7.3.1,12.c.1,0.835237647639592
14.1.1,3.4.1,-0.835479080273736
9.5.2,3.3.1,0.83573279447412
7.2.1,3.3.1,0.836378760385019
12.a.1,3.3.5,0.837158168452586
3.3.5,7.b.1,0.837158168452586
2.2.2,17.17.1,0.83724049345708
7.1.1,7.2.1,0.837563309659591
4.2.2,15.6.1,0.837895164468679
16.2.2,15.6.1,-0.837904083572448
1.a.2,17.1.1,0.837945773880409
9.5.1,12.a.1,-0.838248903302868
9.5.1,7.b.1,-0.838248903302868
9.5.2,3.2.2,-0.838317968375759
1.a.2,9.5.1,0.83838509486519
7.3.1,2.2.2,0.838818857825228
9.5.2,3.2.1,0.838819174851446
2.a.1,2.2.2,-0.839466841629635
6.4.2,15.6.1,0.839841998445923
7.3.1,17.13.1,0.840149394284107
1.5.4,9.5.1,-0.840371681411821
11.b.2,9.5.1,-0.840371681411821
13.1.3,9.5.1,-0.840371681411821
11.6.2,9.5.1,0.840701638476783
7.2.1,17.1.1,0.84094172302726
11.6.2,17.3.1,0.841039001582921
15.6.1,3.3.1,-0.84108496092766
13.1.3,4.2.2,0.841447987624777
4.2.2,1.5.4,0.841447987624777
4.2.2,11.b.2,0.841447987624777
1.a.2,12.c.1,-0.841608729825295
16.2.2,3.3.3,-0.841704407279722
7.1.2,9.5.1,-0.841867442281691
7.1.2,7.2.1,-0.842258470347807
1.a.2,1.5.4,-0.842385988360534
1.a.2,11.b.2,-0.842385988360534
13.1.3,1.a.2,-0.842385988360534
7.3.1,2.1.2,-0.842704379665554
1.5.4,3.3.1,-0.84292843604165
11.b.2,3.3.1,-0.84292843604165
13.1.3,3.3.1,-0.84292843604165
10.4.1,15.1.1,0.843271497624069
10.4.1,3.9.3,0.8432720747051
10.4.1,14.b.1,-0.843272074705102
10.4.1,3.8.1,-0.843272074705104
10.4.1,6.5.1,-0.843272074705105
10.4.1,16.3.2,-0.843272074705107
10.4.1,3.4.2,-0.843272074705107
10.4.1,3.6.1,0.843272074705117
7.2.1,12.c.1,-0.84334633950464
12.a.1,3.3.3,0.843443450176403
7.b.1,3.3.3,0.843443450176403
17.8.1,9.5.2,-0.843450616500009
13.1.3,14.1.1,-0.84350852973186
14.1.1,1.5.4,-0.84350852973186
14.1.1,11.b.2,-0.84350852973186
7.3.1,7.2.1,-0.843535403219577
3.9.3,9.5.2,0.843670378760801
6.5.1,9.5.2,-0.843670378760804
9.5.2,16.3.2,-0.843670378760804
9.5.2,3.4.2,-0.843670378760807
14.b.1,9.5.2,-0.843670378760809
3.8.1,9.5.2,-0.84367037876081
9.5.2,3.6.1,0.84367037876081
9.5.2,15.1.1,0.843671074288727
15.6.1,17.3.1,-0.843719830951367
17.8.1,9.5.1,-0.844127170156993
8.8.2,17.3.1,-0.844331042759938
16.2.2,17.3.1,0.844448977364518
2.a.1,9.5.1,0.844497279353424
17.17.1,1.5.2,0.84458549633366
17.1.1,1.4.1,-0.8455629839672
17.8.1,14.1.1,-0.845943890316165
14.1.1,12.c.1,-0.846117668031835
2.2.2,3.3.1,-0.846133790642489
10.4.1,7.2.1,0.846561705360551
1.a.2,17.8.1,-0.847153380834
6.4.2,2.2.2,0.847392551306025
6.1.1,1.a.2,0.847402476794304
12.c.1,9.5.2,-0.847574082163363
2.2.2,9.4.1,-0.84786486502999
10.4.1,16.2.2,0.848052700263997
1.a.2,7.1.2,-0.848318673120409
17.13.1,3.3.1,-0.84848626918525
10.4.1,7.1.2,-0.84877381114772
15.6.1,2.1.1,0.84877665338428
14.1.1,1.4.1,-0.848896840287617
9.1.2,15.6.1,-0.849149618043632
4.2.2,3.3.3,0.849619182407574
9.4.1,17.1.1,0.849683494214703
9.5.1,1.4.1,-0.849944392892964
9.5.2,1.3.1,-0.850264458660689
10.4.1,9.4.1,0.850979823737038
14.1.1,3.3.1,0.851972282626318
11.5.1,17.13.1,0.852030369060631
13.1.1,17.13.1,0.852030369060631
17.13.1,1.5.1,0.852030369060631
1.a.2,4.2.2,-0.852173895192846
3.3.3,15.2.1,0.852357388885818
3.3.5,3.3.1,-0.852741856914134
7.1.2,9.5.2,-0.852796376879829
17.8.1,7.2.1,-0.852928153304657
10.4.1,6.4.1,0.853356730591459
10.4.1,3.2.1,0.85338798406438
10.4.1,6.6.1,0.853540923419314
3.3.5,2.1.2,-0.854515806228208
14.1.1,15.1.1,0.854586472602911
14.b.1,14.1.1,-0.854586569193504
3.8.1,14.1.1,-0.854586569193504
14.1.1,3.4.2,-0.854586569193505
14.1.1,16.3.2,-0.854586569193506
14.1.1,3.6.1,0.854586569193508
3.9.3,14.1.1,0.854586569193509
6.5.1,14.1.1,-0.85458656919351
7.1.2,14.1.1,-0.855403547488971
6.1.1,10.4.1,0.855695872179301
6.6.1,17.13.1,-0.855850900210613
7.3.1,15.5.1,-0.855943281712129
17.13.1,15.6.1,0.856563999967955
14.1.1,3.2.1,0.856623096891531
14.1.1,15.5.1,0.856894484946299
6.6.1,17.3.1,0.857031778778504
11.1.1,14.1.1,0.857032131018202
6.6.1,15.6.1,-0.857467747067834
10.4.1,1.a.2,0.857547151007053
14.1.1,3.2.2,-0.857547670640052
14.1.1,2.1.1,-0.857735299345301
9.5.1,3.2.2,-0.85858120435316
9.1.2,17.3.1,0.858852353298175
3.2.1,17.3.1,0.859276315486616
3.b.1,14.1.1,0.859364960166901
1.a.2,15.1.1,0.859483009714403
1.a.2,3.8.1,-0.859483483952598
6.5.1,1.a.2,-0.859483483952602
1.a.2,14.b.1,-0.859483483952607
1.a.2,16.3.2,-0.859483483952607
1.a.2,3.4.2,-0.859483483952607
1.a.2,3.6.1,0.859483483952607
1.a.2,3.9.3,0.859483483952613
7.3.1,4.3.1,-0.859642212995468
12.c.1,9.5.1,-0.859664233432595
17.13.1,16.2.2,-0.859675846887204
11.6.2,7.2.1,0.859836282756709
12.a.1,17.3.1,-0.859843602093856
17.3.1,7.b.1,-0.859843602093856
17.3.1,9.4.1,0.860027763532276
6.4.2,17.3.1,-0.86040591790897
6.6.1,3.3.3,-0.860578895079259
1.a.2,3.2.2,-0.860682104696954
13.1.3,6.2.1,-0.860786436451425
6.2.1,1.5.4,-0.860786436451425
6.2.1,11.b.2,-0.860786436451425
3.b.1,10.4.1,0.861524040625881
15.6.1,9.4.1,-0.861657899218176
10.4.1,2.1.2,0.862116538204564
10.4.1,9.1.2,0.862125156877483
8.8.2,9.5.2,-0.862564320841098
1.a.2,15.5.1,0.863123482174324
10.4.1,14.7.1,0.863228371840796
6.4.2,3.3.1,-0.863506889620419
11.6.2,17.13.1,-0.863915563236952
6.4.2,14.1.1,-0.864098518639763
6.4.1,14.1.1,0.864106994808558
1.a.2,1.4.1,-0.86416123214307
1.a.2,2.1.1,-0.864573289028938
14.1.1,12.a.1,-0.864969615310406
14.1.1,7.b.1,-0.864969615310406
1.a.2,2.1.2,0.865004309568416
7.2.1,3.2.2,-0.865015280110162
14.1.1,2.1.2,0.865127556754607
1.5.4,17.17.1,0.86520002424134
11.b.2,17.17.1,0.86520002424134
13.1.3,17.17.1,0.86520002424134
9.5.1,15.1.1,0.865552912182899
14.b.1,9.5.1,-0.865553730038029
3.8.1,9.5.1,-0.86555373003803
3.9.3,9.5.1,0.86555373003803
6.5.1,9.5.1,-0.86555373003803
9.5.1,3.4.2,-0.865553730038033
9.5.1,16.3.2,-0.865553730038039
3.6.1,9.5.1,0.865553730038043
17.13.1,15.2.1,0.865605455147842
1.a.2,11.1.1,0.865722224922757
11.6.2,3.3.5,-0.86596590253566
11.1.1,17.3.1,0.866177217825704
7.2.1,15.1.1,0.866758807059108
7.2.1,3.8.1,-0.866759874252201
6.5.1,7.2.1,-0.866759874252203
7.2.1,3.4.2,-0.866759874252205
7.2.1,14.b.1,-0.866759874252206
7.2.1,3.6.1,0.866759874252208
7.2.1,16.3.2,-0.86675987425221
3.9.3,7.2.1,0.866759874252213
9.5.1,15.2.1,-0.866923946941054
1.a.2,3.3.1,0.867219202689592
4.3.1,7.2.1,0.867798055165656
6.1.1,4.2.2,-0.86789289450455
4.3.1,3.3.5,-0.86792956427174
6.4.2,17.3.2,0.8680611568452
7.1.1,17.13.1,-0.868247998815333
17.3.1,1.4.1,-0.868263410874096
4.2.2,6.4.2,0.86832377550399
2.a.1,14.1.1,0.868365748229805
6.6.1,14.1.1,0.868738184575365
11.6.2,7.1.1,0.868782851618784
3.3.5,1.4.1,0.869432414322537
11.6.2,15.6.1,-0.869536631769265
4.2.2,2.2.2,0.869649058250432
7.2.1,12.a.1,-0.870113329727497
7.2.1,7.b.1,-0.870113329727497
3.b.1,2.2.2,-0.870200618174975
17.3.1,2.1.1,-0.870280222968357
6.6.1,3.3.5,-0.870731385858615
11.1.1,3.3.3,-0.870893387267922
13.1.3,8.8.2,0.870952126280863
8.8.2,1.5.4,0.870952126280863
8.8.2,11.b.2,0.870952126280863
12.c.1,17.3.1,-0.871151285057796
1.a.2,15.2.1,-0.871369999759863
3.3.5,17.3.1,-0.871426058798164
6.4.1,17.3.1,0.872333398557074
2.2.2,16.2.2,-0.872623522494636
9.5.1,14.7.1,0.872646153569395
1.5.4,2.1.1,0.872756712516706
11.b.2,2.1.1,0.872756712516706
13.1.3,2.1.1,0.872756712516706
1.a.2,3.2.1,0.872910704310971
3.b.1,17.3.2,-0.873148633533626
10.4.1,14.1.1,0.873294052279118
6.6.1,9.5.1,0.873673116045362
11.6.2,10.4.1,0.873745026659073
7.1.1,3.3.5,-0.873772373759457
1.a.2,6.4.1,0.874377584644037
6.1.1,7.3.1,-0.874380856475178
7.3.1,9.1.2,-0.874449332242974
7.3.1,6.4.2,0.87488384107084
15.5.1,17.3.1,0.875288232859434
11.5.1,17.17.1,0.875393933598123
13.1.1,17.17.1,0.875393933598123
17.17.1,1.5.1,0.875393933598123
6.2.1,17.13.1,-0.875499330328619
6.1.1,17.13.1,-0.875692292377356
6.1.1,7.2.1,0.875693255029462
14.1.1,14.7.1,0.875836210426168
2.a.1,17.13.1,-0.875837473934611
2.1.2,17.3.1,0.875838024960563
17.13.1,1.4.1,0.876319500797243
2.2.2,9.1.2,-0.876532497118991
7.2.1,3.2.1,0.876785991012934
17.3.1,17.1.1,0.876855680656614
2.2.2,15.2.1,0.877244394894384
4.3.1,15.6.1,-0.877393371778753
6.4.2,17.13.1,0.877405455816785
6.2.1,6.4.2,-0.87794796126683206
4.2.2,7.1.1,-0.878077783659274
15.5.1,3.3.5,-0.878602433299883
7.1.1,3.3.3,-0.878679301545327
2.a.1,17.3.2,-0.878766493195576
7.1.1,7.3.1,-0.879164328620135
1.a.2,12.a.1,-0.879445619379976
1.a.2,7.b.1,-0.879445619379976
4.2.2,11.1.1,-0.879499840094023
7.3.1,2.a.1,-0.879724624753011
17.3.2,3.3.1,-0.879886307228923
7.2.1,6.6.1,0.880037130284318
14.7.1,17.3.1,0.880060068596565
3.3.3,1.4.1,0.880249917286423
3.6.1,17.3.1,0.880515542211983
17.3.1,16.3.2,-0.880515542211989
3.4.2,17.3.1,-0.880515542211989
14.b.1,17.3.1,-0.880515542211993
6.5.1,17.3.1,-0.880515542211996
3.9.3,17.3.1,0.880515542211997
3.8.1,17.3.1,-0.880515542211998
15.1.1,17.3.1,0.880515740739748
2.a.1,3.3.1,0.881041821882337
6.4.1,9.5.1,0.881217717361844
4.3.1,17.3.1,0.881919577577913
1.a.2,6.6.1,0.881944322390983
7.1.1,15.6.1,-0.881958707497099
9.5.1,3.2.1,0.882335491584969
10.4.1,15.2.1,-0.882486439742436
7.1.2,17.13.1,0.882646332148208
2.a.1,17.3.1,0.882793780177532
3.2.1,3.3.3,-0.882891625381871
2.2.1,15.6.1,0.883084665247267
14.7.1,3.3.3,-0.883309975882003
15.5.1,9.5.1,0.883369827245776
6.2.1,7.2.1,0.883538876445271
11.6.2,1.5.4,-0.88360570801138
11.6.2,11.b.2,-0.88360570801138
13.1.3,11.6.2,-0.88360570801138
14.7.1,3.3.5,-0.883668326831595
9.5.1,3.3.1,0.883679140354331
7.2.1,15.5.1,0.883705885545315
4.2.2,9.4.1,-0.883849663660702
6.4.1,3.3.5,-0.883922229531862
1.a.2,4.3.1,0.883984112819084
17.13.1,2.1.1,0.884435279399793
4.3.1,17.13.1,-0.8844585259899
7.1.2,17.3.1,-0.884574455163666
7.2.1,6.4.1,0.884728685256848
1.a.2,16.2.2,0.884729122899907
11.6.2,3.3.3,-0.884980311917669
1.5.4,17.3.1,-0.885034786994417
11.b.2,17.3.1,-0.885034786994417
13.1.3,17.3.1,-0.885034786994417
12.a.1,17.3.2,0.885078421662
7.b.1,17.3.2,0.885078421662
8.8.2,17.13.1,0.88509495281399
3.2.1,3.3.5,-0.885210616026363
16.2.2,17.3.2,-0.885462318971633
17.3.1,3.3.3,-0.885535800081622
6.2.1,2.a.1,0.885723493057637
7.2.1,1.4.1,-0.885738964854483
17.13.1,9.4.1,-0.885801626699818
11.6.2,2.a.1,0.885843722792008
2.1.2,3.3.3,-0.8866133731108
3.2.2,17.3.1,-0.886766723683447
13.1.3,3.b.1,-0.887100121322462
3.b.1,1.5.4,-0.887100121322462
3.b.1,11.b.2,-0.887100121322462
4.2.2,17.3.1,-0.887126194137959
6.6.1,2.2.2,-0.887213052522092
14.1.1,15.2.1,-0.887226779591239
4.2.2,2.a.1,-0.88750420205895
7.3.1,16.2.2,-0.88826335925196
7.3.1,12.a.1,0.888560578329838
7.3.1,7.b.1,0.888560578329838
1.a.2,14.7.1,0.888804904861391
9.5.2,3.3.5,-0.888931933119521
13.1.3,6.6.1,-0.888938167854136
6.6.1,1.5.4,-0.888938167854136
6.6.1,11.b.2,-0.888938167854136
9.4.1,17.3.2,-0.889475712067648
7.3.1,9.4.1,-0.889975744644894
17.3.1,15.2.1,-0.89028412781819
6.1.1,14.1.1,0.890360618829082
6.4.1,3.3.3,-0.890471163032624
6.1.1,3.3.3,-0.890998119925049
4.2.2,16.2.2,-0.891603278656852
9.5.1,2.1.2,0.891629538708582
7.2.1,9.5.1,0.891640278559462
12.c.1,15.6.1,0.891881328563545
7.2.1,14.7.1,0.8925377526965
17.13.1,17.3.2,0.892551849783919
17.13.1,2.1.2,-0.892744800971954
3.b.1,7.2.1,0.892895264439687
3.b.1,7.1.1,0.893051889561437
4.2.2,12.a.1,0.89323366975965
4.2.2,7.b.1,0.89323366975965
6.2.1,3.4.1,-0.893245114068864
4.2.2,6.2.1,-0.893431956926762
17.13.1,9.1.2,-0.89364012851912
1.a.2,9.1.2,0.893782046883794
14.1.1,9.1.2,0.893850481035499
6.1.1,7.1.1,0.89399817481519
11.1.1,9.5.1,0.89403182486912
11.6.2,1.a.2,0.894437811970144
17.8.1,17.3.1,-0.894988183829354
11.1.1,15.6.1,-0.895454279966395
14.7.1,17.13.1,-0.895474064680455
2.1.1,3.3.3,0.895634127251707
2.a.1,17.1.1,0.895702458200565
8.8.2,3.3.3,0.89586228697845
15.5.1,3.3.3,-0.896751006232984
15.6.1,3.3.3,0.897103178964175
3.b.1,1.a.2,0.897164835436768
3.2.1,15.6.1,-0.897196530451059
7.2.1,14.1.1,0.897486724877888
17.13.1,15.1.1,-0.897863355052401
3.9.3,17.13.1,-0.897863684765648
6.5.1,17.13.1,0.897863684765651
3.6.1,17.13.1,-0.897863684765652
14.b.1,17.13.1,0.897863684765654
3.8.1,17.13.1,0.897863684765656
3.4.2,17.13.1,0.897863684765657
17.13.1,16.3.2,0.89786368476566
13.1.3,2.2.2,0.898323559834472
2.2.2,1.5.4,0.898323559834472
2.2.2,11.b.2,0.898323559834472
8.8.2,2.a.1,-0.899367512685773
15.6.1,15.2.1,0.899404910392042
14.1.1,16.2.2,0.899510792876272
17.8.1,17.13.1,0.899562008759506
1.3.1,17.13.1,0.899766832123233
7.2.1,2.1.2,0.899879304925289
9.5.1,9.4.1,0.899949730801197
11.5.1,11.5.2,0.900184418127082
11.5.2,1.5.1,0.900184418127082
13.1.1,11.5.2,0.900184418127082
17.13.1,3.2.2,0.900427083059565
1.5.4,12.a.1,0.900498571444124
1.5.4,7.b.1,0.900498571444124
11.b.2,12.a.1,0.900498571444124
11.b.2,7.b.1,0.900498571444124
13.1.3,12.a.1,0.900498571444124
13.1.3,7.b.1,0.900498571444124
9.5.1,9.1.2,0.900565510877611
3.6.1,3.3.5,-0.900586735197853
3.3.5,16.3.2,0.900586735197856
3.9.3,3.3.5,-0.90058673519786
3.4.2,3.3.5,0.900586735197862
3.8.1,3.3.5,0.900586735197863
14.b.1,3.3.5,0.900586735197864
6.5.1,3.3.5,0.900586735197865
15.1.1,3.3.5,-0.900587531316509
12.a.1,1.4.1,0.900922186024431
7.b.1,1.4.1,0.900922186024431
14.1.1,9.4.1,0.901181773257269
13.1.3,7.3.1,0.901215626703198
7.3.1,1.5.4,0.901215626703198
7.3.1,11.b.2,0.901215626703198
17.13.1,3.2.1,-0.901347112535688
3.b.1,4.2.2,-0.90169886270963
8.8.2,15.6.1,0.901871542116028
6.4.1,17.13.1,-0.901923165655752
6.1.1,2.a.1,0.902192384689441
6.4.2,1.3.1,0.902528201143625
6.2.1,1.4.1,-0.902584871732943
3.b.1,17.13.1,-0.902636946035448
12.c.1,17.13.1,0.90268297166027
6.1.1,15.6.1,-0.902714672652663
2.2.2,17.13.1,0.903084991937288
12.a.1,17.13.1,0.903588338976144
17.13.1,7.b.1,0.903588338976144
3.6.1,3.3.3,-0.903807379287024
3.9.3,3.3.3,-0.903807379287026
14.b.1,3.3.3,0.903807379287028
3.3.3,16.3.2,0.903807379287028
3.4.2,3.3.3,0.903807379287029
3.8.1,3.3.3,0.903807379287037
6.5.1,3.3.3,0.903807379287039
15.1.1,3.3.3,-0.903807826479977
7.2.1,15.2.1,-0.903941728371538
7.1.1,17.1.1,0.90437053705415
6.1.1,17.3.2,-0.90450355802896
9.1.2,17.3.2,-0.904679588048983
9.4.1,3.3.1,0.904715034634877
3.2.2,3.3.5,0.905047366860524
3.4.1,17.13.1,0.905281291784266
13.1.3,7.1.2,0.905319526446199
7.1.2,1.5.4,0.905319526446199
7.1.2,11.b.2,0.905319526446199
2.2.2,12.a.1,0.905503156906708
2.2.2,7.b.1,0.905503156906708
7.2.1,11.1.1,0.905531196241468
12.c.1,3.3.5,0.905695632367514
11.6.2,6.4.2,-0.906044500001602
6.2.1,1.3.1,-0.906666925075792
13.1.3,6.1.1,-0.906910555713877
6.1.1,1.5.4,-0.906910555713877
6.1.1,11.b.2,-0.906910555713877
8.8.2,9.4.1,-0.90766770417798
13.1.3,7.2.1,-0.907717694784829
7.2.1,1.5.4,-0.907717694784829
7.2.1,11.b.2,-0.907717694784829
9.5.1,16.2.2,0.907808706909642
15.5.1,17.13.1,-0.907906511627025
3.2.2,3.3.3,0.90804763413017
12.c.1,1.5.4,0.908322519134774
12.c.1,11.b.2,0.908322519134774
13.1.3,12.c.1,0.908322519134774
4.2.2,9.1.2,-0.908506999732406
14.7.1,15.6.1,-0.908600039211419
7.1.1,15.2.1,-0.908742050162604
6.1.1,2.2.2,-0.909010243027089
2.2.2,15.6.1,0.9091959640702
11.6.2,2.2.2,-0.909242310934151
2.2.2,17.3.1,-0.909410647265281
3.2.2,15.6.1,0.909411859408308
6.6.1,17.3.2,-0.909646526697354
7.1.2,6.4.2,0.909713611553527
4.3.1,3.3.3,-0.90972966431144
4.3.1,2.a.1,0.909932992054853
7.1.1,4.3.1,0.910157386567881
7.2.1,16.2.2,0.91026805777269
6.4.2,15.2.1,0.910535166196846
6.4.2,2.1.1,0.911026932863969
10.5.1,1.5.3,-0.911078112124124
10.5.1,11.b.1,-0.911078112124124
13.1.2,10.5.1,-0.911078112124124
7.1.2,15.6.1,0.911101158743512
10.4.1,9.5.1,0.911323139401681
11.6.2,17.3.2,-0.911629207757325
6.4.1,15.6.1,-0.911858089307601
12.c.1,3.3.3,0.912636808364317
12.a.1,3.3.1,-0.912733609481502
7.b.1,3.3.1,-0.912733609481502
2.2.2,1.4.1,0.91314165107294
1.5.4,15.6.1,0.913173047862889
11.b.2,15.6.1,0.913173047862889
13.1.3,15.6.1,0.913173047862889
1.3.1,17.3.1,-0.913412692363219
2.a.1,2.1.1,-0.913559634124082
11.6.2,9.4.1,0.913570413661507
7.3.1,11.1.1,-0.913649596937075
15.1.1,15.6.1,-0.913961186649837
3.6.1,15.6.1,-0.913962285685666
3.9.3,15.6.1,-0.913962285685668
14.b.1,15.6.1,0.913962285685669
3.4.2,15.6.1,0.91396228568567
15.6.1,16.3.2,0.913962285685672
3.8.1,15.6.1,0.913962285685676
6.5.1,15.6.1,0.913962285685676
6.1.1,6.4.2,-0.91402464600891
17.8.1,15.6.1,0.914049500911003
9.4.1,2.1.1,-0.914192168039125
8.8.2,15.2.1,0.914351706981874
13.1.3,4.3.1,-0.914467860623041
4.3.1,1.5.4,-0.914467860623041
4.3.1,11.b.2,-0.914467860623041
2.2.2,2.1.2,-0.914726046431124
1.5.4,3.2.1,-0.914747822125887
11.b.2,3.2.1,-0.914747822125887
13.1.3,3.2.1,-0.914747822125887
1.5.4,16.2.2,-0.91506505791405
11.b.2,16.2.2,-0.91506505791405
13.1.3,16.2.2,-0.91506505791405
1.a.2,6.2.1,0.915114843922534
7.1.2,3.3.3,0.915517475580792
11.1.1,3.3.1,0.915891789623562
17.8.1,3.3.5,0.916019099826589
6.4.2,12.c.1,0.916063865900082
4.2.2,3.3.5,0.916210899592103
15.5.1,15.6.1,-0.916328043794959
11.1.1,17.13.1,-0.916742942914017
4.5.1,8.2.1,-0.916774164632909
8.8.2,6.2.1,-0.916962975261444
11.6.2,12.a.1,-0.91706242036252394
11.6.2,7.b.1,-0.91706242036252394
7.1.1,9.1.2,0.917233937149625
1.3.1,3.3.5,0.917304598996812
4.2.2,1.4.1,0.917542634296595
8.8.2,6.4.2,0.917675456447944
7.1.1,16.2.2,0.91782593039797
2.2.2,14.7.1,-0.917826662929262
2.2.2,3.2.1,-0.918369109664483
7.2.1,9.1.2,0.918452644505771
6.2.1,11.1.1,0.918510397595671
17.8.1,3.3.3,0.918663773394336
13.1.3,17.8.1,0.918706741690239
17.8.1,1.5.4,0.918706741690239
17.8.1,11.b.2,0.918706741690239
2.a.1,1.4.1,-0.918796132889436
2.a.1,1.3.1,-0.918845155111649
6.2.1,15.2.1,-0.918858219308114
6.2.1,9.4.1,0.919108826566385
3.3.5,17.3.2,0.919183293037656
6.2.1,14.1.1,0.919193627736547
4.2.2,4.3.1,-0.919642069806175
7.1.2,3.3.5,0.919642141244109
6.4.2,3.4.1,0.919672608222655
7.1.2,2.a.1,-0.919734505801176
1.5.4,1.4.1,0.919747020731482
11.b.2,1.4.1,0.919747020731482
13.1.3,1.4.1,0.919747020731482
3.b.1,9.5.1,0.920042932005529
12.a.1,15.2.1,0.920141315009242
7.b.1,15.2.1,0.920141315009242
4.2.2,17.3.2,0.920354456622275
7.1.1,2.1.1,-0.920511360279606
1.5.4,15.1.1,-0.920745638172051
11.b.2,15.1.1,-0.920745638172051
13.1.3,15.1.1,-0.920745638172051
1.5.4,3.6.1,-0.920746378288657
13.1.3,14.b.1,0.920746378288657
13.1.3,3.6.1,-0.920746378288657
14.b.1,1.5.4,0.920746378288657
14.b.1,11.b.2,0.920746378288657
3.6.1,11.b.2,-0.920746378288657
1.5.4,3.4.2,0.920746378288658
11.b.2,3.4.2,0.920746378288658
13.1.3,3.4.2,0.920746378288658
13.1.3,3.9.3,-0.920746378288658
3.9.3,1.5.4,-0.920746378288658
3.9.3,11.b.2,-0.920746378288658
13.1.3,6.5.1,0.92074637828866
6.5.1,1.5.4,0.92074637828866
6.5.1,11.b.2,0.92074637828866
1.5.4,16.3.2,0.920746378288663
11.b.2,16.3.2,0.920746378288663
13.1.3,16.3.2,0.920746378288663
13.1.3,3.8.1,0.920746378288664
3.8.1,1.5.4,0.920746378288664
3.8.1,11.b.2,0.920746378288664
11.1.1,2.2.2,-0.92077681411527
1.5.4,3.2.2,0.92097933641809
11.b.2,3.2.2,0.92097933641809
13.1.3,3.2.2,0.92097933641809
4.3.1,3.3.1,0.921082291912012
6.1.1,9.5.1,0.921504116501842
10.4.1,3.3.1,0.921633829338391
2.a.1,3.4.1,-0.921713019120003
9.1.2,1.4.1,-0.921752232053226
11.6.2,9.1.2,0.921803921500315
13.1.3,7.1.1,-0.922031031369482
7.1.1,1.5.4,-0.922031031369482
7.1.1,11.b.2,-0.922031031369482
6.2.1,12.a.1,-0.923556219913512
6.2.1,7.b.1,-0.923556219913512
1.a.2,14.1.1,0.923622872897916
13.1.3,6.4.2,0.92364430671556
6.4.2,1.5.4,0.92364430671556
6.4.2,11.b.2,0.92364430671556
11.1.1,17.3.2,-0.924094781249757
1.4.1,3.3.1,-0.924099845557387
3.4.1,3.3.1,-0.924333385365312
6.4.1,2.2.2,-0.924353917573221
8.8.2,9.1.2,-0.924372472707553
7.1.1,6.6.1,0.924450291531321
4.3.1,6.4.2,-0.925273633638458
17.8.1,6.2.1,-0.925312675433578
11.6.2,16.2.2,0.925434728917053
7.1.1,9.4.1,0.925556576770805
3.3.5,2.1.1,0.925948716048339
8.8.2,3.3.5,0.926139139548888
11.6.2,11.1.1,0.926262962521328
1.a.2,2.a.1,0.92637060773392
4.2.2,2.1.2,-0.926532083382084
13.1.3,6.4.1,-0.926578823454616
6.4.1,1.5.4,-0.926578823454616
6.4.1,11.b.2,-0.926578823454616
16.2.2,1.4.1,-0.926650039210559
7.1.1,7.1.2,-0.92667189183858
1.5.4,14.7.1,-0.926848474567924
11.b.2,14.7.1,-0.926848474567924
13.1.3,14.7.1,-0.926848474567924
6.4.2,17.1.1,-0.926942414579153
2.1.1,17.3.2,0.927094440386032
11.6.2,15.2.1,-0.927405776663267
2.2.2,3.3.5,0.927798504009517
8.8.2,7.1.1,-0.927936746239224
2.a.1,12.c.1,-0.928127527725099
4.2.2,15.5.1,-0.928256357884671
3.4.1,3.3.5,0.928469609500004
1.a.2,9.4.1,0.928830661936642
8.8.2,2.2.2,0.928909135825499
6.2.1,2.1.2,0.928956045722349
2.1.1,15.2.1,0.928966615599874
3.4.1,9.4.1,-0.92925735680499
6.4.2,6.6.1,-0.92941477265697
6.2.1,9.5.1,0.929475131899616
4.3.1,17.3.2,-0.929762110217358
6.4.2,9.1.2,-0.9299804375624
6.4.2,15.1.1,-0.930259841004529
6.4.2,3.8.1,0.930260509419061
6.4.2,3.6.1,-0.930260509419062
6.5.1,6.4.2,0.930260509419064
6.4.2,3.4.2,0.930260509419066
6.4.2,14.b.1,0.930260509419068
6.4.2,16.3.2,0.930260509419068
3.9.3,6.4.2,-0.930260509419075
3.b.1,15.2.1,-0.930472280975774
3.b.1,6.4.2,-0.930557447432535
7.1.1,1.4.1,-0.930700848393564
4.3.1,9.4.1,0.930811670044745
2.2.2,2.1.1,0.930999738660285
6.1.1,12.a.1,-0.931006441984421
6.1.1,7.b.1,-0.931006441984421
17.8.1,6.4.2,0.931126900708575
3.4.1,17.3.1,-0.931366472953701
7.1.1,2.2.2,-0.931552961841737
6.4.2,16.2.2,-0.931643026171835
17.17.1,17.13.1,0.93189893354541
2.2.2,15.5.1,-0.932033313697314
7.1.1,3.2.1,0.932133102151043
3.3.5,3.3.3,0.932386374394121
1.3.1,9.4.1,-0.932452662341286
6.1.1,3.3.1,0.932540054591322
8.8.2,17.3.2,0.932813800511381
11.6.2,14.1.1,0.932907890674183
8.8.2,16.2.2,-0.932976317966173
2.2.2,3.6.1,-0.932990361414704
3.9.3,2.2.2,-0.932990361414709
14.b.1,2.2.2,0.932990361414711
2.2.2,16.3.2,0.932990361414712
2.2.2,3.4.2,0.932990361414712
3.8.1,2.2.2,0.932990361414716
6.5.1,2.2.2,0.932990361414716
2.2.2,15.1.1,-0.93299062620133
6.4.2,3.2.2,0.933041688979386
1.3.1,12.a.1,0.933145290596718
1.3.1,7.b.1,0.933145290596718
4.3.1,14.1.1,0.933153466198383
6.1.1,15.2.1,-0.933412803035239
7.1.2,9.4.1,-0.933414058443586
6.4.2,3.2.1,-0.9335415163397
13.1.3,15.5.1,-0.933556267403557
15.5.1,1.5.4,-0.933556267403557
15.5.1,11.b.2,-0.933556267403557
6.4.2,12.a.1,0.93368609393927
6.4.2,7.b.1,0.93368609393927
3.b.1,3.4.1,-0.933872171910021
4.3.1,15.2.1,-0.934047675639922
1.3.1,3.3.3,0.934220284601299
12.a.1,2.1.2,-0.934309173388215
2.1.2,7.b.1,-0.934309173388215
8.8.2,4.2.2,0.934350081549061
1.5.4,1.3.1,0.93439929690436
11.b.2,1.3.1,0.93439929690436
13.1.3,1.3.1,0.93439929690436
1.5.4,17.3.2,0.934599123554009
11.b.2,17.3.2,0.934599123554009
13.1.3,17.3.2,0.934599123554009
4.2.2,15.2.1,0.934742588343588
13.1.3,3.4.1,0.934820085164394
3.4.1,1.5.4,0.934820085164394
3.4.1,11.b.2,0.934820085164394
16.2.2,3.3.1,0.934834892851414
17.8.1,2.a.1,-0.935006487115495
3.b.1,11.6.2,0.935095437983315
7.1.2,2.2.2,0.935148031142786
3.b.1,1.4.1,-0.935170926104797
3.b.1,4.3.1,0.935229825977199
7.1.1,12.a.1,-0.935750784211851
7.1.1,7.b.1,-0.935750784211851
3.4.1,15.6.1,0.935774111807671
6.2.1,15.5.1,0.936196151521032
11.6.2,4.2.2,-0.936266920410455
7.1.1,14.7.1,0.936383651202412
7.1.1,2.1.2,0.936516310306934
3.b.1,2.a.1,0.936798338107295
3.2.1,17.3.2,-0.936994074414538
7.1.2,6.2.1,-0.937015512405531
3.3.1,15.2.1,-0.937221771297971
6.2.1,3.2.2,-0.937255569298366
1.a.2,6.4.2,-0.93727726353355
1.5.4,17.13.1,0.937278219635476
11.b.2,17.13.1,0.937278219635476
13.1.3,17.13.1,0.937278219635476
4.3.1,9.1.2,0.937349920015828
10.4.1,6.2.1,0.937373526318478
4.2.2,12.c.1,0.937484517812907
17.3.2,15.2.1,0.937749463265891
7.1.1,12.c.1,-0.937884826049111
12.c.1,9.4.1,-0.938069064886298
6.2.1,4.3.1,0.938139859271371
6.2.1,12.c.1,-0.93834986723357094
8.8.2,12.a.1,0.938367618312376
8.8.2,7.b.1,0.938367618312376
3.4.1,16.2.2,-0.938374814258385
3.9.3,6.2.1,0.938699851130911
6.2.1,3.8.1,-0.938699851130911
6.5.1,6.2.1,-0.938699851130912
6.2.1,14.b.1,-0.938699851130913
6.2.1,16.3.2,-0.938699851130915
6.2.1,3.4.2,-0.938699851130916
6.2.1,3.6.1,0.93869985113092
6.2.1,15.1.1,0.938699901375237
2.a.1,15.1.1,0.938846826488305
6.5.1,2.a.1,-0.9388471343158
2.a.1,3.4.2,-0.938847134315802
2.a.1,3.8.1,-0.938847134315802
2.a.1,3.6.1,0.938847134315803
2.a.1,14.b.1,-0.938847134315804
2.a.1,16.3.2,-0.938847134315806
3.9.3,2.a.1,0.938847134315809
1.4.1,15.2.1,0.938862567074911
2.2.2,3.2.2,0.939023455534754
7.1.1,6.4.1,0.939243606448441
3.b.1,1.3.1,-0.939282088978986
17.3.1,17.3.2,-0.939307642443686
6.1.1,9.4.1,0.939528384425894
6.4.2,2.1.2,-0.939796105954952
4.3.1,2.2.2,-0.939963459622076
6.4.2,6.4.1,-0.940058137158804
2.a.1,3.2.2,-0.940184343040439
6.2.1,16.2.2,0.9402322836506
9.1.2,3.3.1,0.940275736981575
9.4.1,1.4.1,-0.94029209113971
2.1.2,15.6.1,-0.940343897202714
6.2.1,2.1.1,-0.940410586052509
11.5.1,16.6.1,0.940687858609857
13.1.1,16.6.1,0.940687858609857
16.6.1,1.5.1,0.940687858609857
11.5.2,1.5.2,0.940757975157544
7.1.1,17.3.2,-0.940844094472554
1.3.1,15.6.1,0.940902266293956
6.1.1,2.1.1,-0.940919836460003
7.1.1,15.1.1,0.940965723351909
7.1.1,3.6.1,0.940965815886342
7.1.1,3.4.2,-0.940965815886348
6.5.1,7.1.1,-0.94096581588635
7.1.1,16.3.2,-0.94096581588635
7.1.1,3.8.1,-0.94096581588635
7.1.1,14.b.1,-0.940965815886351
7.1.1,3.9.3,0.940965815886356
2.1.1,1.4.1,0.942116710087329
12.c.1,2.2.2,0.942139244214496
3.4.1,12.a.1,0.942158349285573
3.4.1,7.b.1,0.942158349285573
7.1.1,1.3.1,-0.942499860537982
4.3.1,16.2.2,0.942763390371013
6.4.2,15.5.1,-0.942772632921643
4.3.1,12.a.1,-0.942797123263674
4.3.1,7.b.1,-0.942797123263674
2.a.1,3.2.1,0.942835608810748
17.8.1,9.4.1,-0.943468745996794
6.2.1,9.1.2,0.943569011512692
1.5.4,9.1.2,-0.943600477120019
11.b.2,9.1.2,-0.943600477120019
13.1.3,9.1.2,-0.943600477120019
17.3.2,1.4.1,0.943667602815819
6.4.2,14.7.1,-0.943705193813735
1.3.1,16.2.2,-0.9437789019862
4.2.2,3.4.1,0.943823663992922
3.4.1,3.3.3,0.943915943094987
12.a.1,9.4.1,-0.943924955394706
9.4.1,7.b.1,-0.943924955394706
7.1.1,6.4.2,-0.943997718780001
3.4.1,9.1.2,-0.943998862318441
13.1.3,2.a.1,-0.944026329980186
2.a.1,1.5.4,-0.944026329980186
2.a.1,11.b.2,-0.944026329980186
11.6.2,6.6.1,0.944148755519494
6.1.1,6.2.1,0.944276465669434
4.2.2,6.4.1,-0.944411275251696
6.2.1,6.6.1,0.944619018437688
4.2.2,3.2.1,-0.944807600106822
12.c.1,17.3.2,0.945014753690029
7.1.1,2.a.1,0.945201956211855
8.8.2,4.3.1,-0.945298016574064
7.1.2,12.a.1,0.94534223577025
7.1.2,7.b.1,0.94534223577025
6.2.1,6.4.1,0.945379362018972
1.3.1,3.3.1,-0.945427025934413
7.1.1,3.2.2,-0.945894632837959
9.1.2,2.1.1,-0.946041347727969
1.5.4,2.1.2,-0.946071596616567
11.b.2,2.1.2,-0.946071596616567
13.1.3,2.1.2,-0.946071596616567
6.4.1,17.3.2,-0.946264159259196
4.3.1,6.6.1,0.946372002243381
14.7.1,17.3.2,-0.946549145898594
4.2.2,17.8.1,0.946636415728421
11.6.2,3.3.1,0.946791522427286
8.8.2,11.6.2,-0.946828699909584
2.a.1,6.4.1,0.946924887934655
4.2.2,6.6.1,-0.946926357087744
2.a.1,2.1.2,0.947026663504899
6.2.1,14.7.1,0.947192197245387
16.2.2,2.1.1,-0.947233847737803
11.1.1,1.5.4,-0.947332056710146
11.1.1,11.b.2,-0.947332056710146
13.1.3,11.1.1,-0.947332056710146
6.1.1,9.1.2,0.947470703178164
11.6.2,1.3.1,-0.947676176987881
15.5.1,17.3.2,-0.947753376518048
2.a.1,6.6.1,0.948126170461871
6.4.2,1.4.1,0.948262288338549
17.8.1,2.2.2,0.948561120770045
7.1.1,15.5.1,0.948656670065225
2.a.1,15.5.1,0.948686241316033
6.1.1,1.3.1,-0.948700734428205
6.1.1,3.4.1,-0.948999638717901
1.5.2,1.5.1,0.949031336129982
11.5.1,1.5.2,0.949031336129982
13.1.1,1.5.2,0.949031336129982
3.b.1,9.4.1,0.949064697087867
15.6.1,1.4.1,0.949108960903297
2.1.2,3.3.1,0.949705881677113
6.6.1,1.4.1,-0.949712752530559
17.3.2,3.3.3,0.949812193309458
11.6.2,2.1.2,0.949835289551322
6.2.1,3.2.1,0.950081336780989
4.2.2,3.2.2,0.950100816071021
11.1.1,2.1.1,-0.95013928880972
11.1.1,15.2.1,-0.950248585444644
4.2.2,16.3.2,0.95035727059376
4.2.2,3.6.1,-0.950357270593764
4.2.2,3.9.3,-0.950357270593764
6.5.1,4.2.2,0.950357270593764
4.2.2,3.4.2,0.950357270593765
4.2.2,3.8.1,0.950357270593765
4.2.2,14.b.1,0.950357270593767
4.2.2,15.1.1,-0.95035765030808
4.2.2,3.3.1,-0.950478030643723
3.2.2,9.4.1,-0.950494133935007
2.a.1,14.7.1,0.950670997695834
4.3.1,11.1.1,0.950890156480178
7.1.1,17.3.1,0.95110904693624
11.6.2,12.c.1,-0.951113083491571
15.1.1,9.4.1,0.95126961342373
6.5.1,9.4.1,-0.95127015135475
14.b.1,9.4.1,-0.951270151354751
3.4.2,9.4.1,-0.951270151354751
3.8.1,9.4.1,-0.951270151354751
3.6.1,9.4.1,0.951270151354754
9.4.1,16.3.2,-0.951270151354755
3.9.3,9.4.1,0.951270151354756
11.6.2,15.5.1,0.951360334196618
2.1.2,17.3.2,-0.951802063260928
1.5.4,15.2.1,0.951847755767126
11.b.2,15.2.1,0.951847755767126
13.1.3,15.2.1,0.951847755767126
12.c.1,15.2.1,0.952140269802565
11.6.2,3.4.1,-0.952282920589858
4.2.2,1.3.1,0.952677712138977
2.a.1,12.a.1,-0.952838839749935
2.a.1,7.b.1,-0.952838839749935
2.a.1,15.2.1,-0.953009191077964
7.1.1,17.8.1,-0.953299269392259
3.4.1,15.2.1,0.953331273814128
2.1.2,2.1.1,-0.953420149954396
15.1.1,17.3.2,-0.953587818961701
3.6.1,17.3.2,-0.95358797284071
3.9.3,17.3.2,-0.953587972840712
17.3.2,16.3.2,0.953587972840714
3.4.2,17.3.2,0.953587972840714
14.b.1,17.3.2,0.953587972840715
6.5.1,17.3.2,0.953587972840719
3.8.1,17.3.2,0.953587972840721
17.8.1,3.3.1,-0.954450490991817
3.2.2,17.3.2,0.954453251221812
1.3.1,9.1.2,-0.954479415061587
3.2.1,9.4.1,0.954662342388166
8.8.2,3.3.1,-0.954697181092274
15.5.1,3.3.1,0.954771365930529
11.6.2,3.2.1,0.954814044434993
8.8.2,6.1.1,-0.954885801776585
6.6.1,9.4.1,0.954914215957946
12.c.1,1.4.1,0.955356174742929
2.2.2,1.3.1,0.955492333335373
12.a.1,14.7.1,-0.955665219929969
14.7.1,7.b.1,-0.955665219929969
4.3.1,2.1.2,0.955844307053396
4.3.1,1.3.1,-0.955898074494556
7.1.2,16.2.2,-0.955966424508688
7.2.1,6.4.2,-0.956210839849498
7.2.1,2.a.1,0.956255204111442
11.6.2,17.8.1,-0.956447853309883
11.6.2,6.2.1,0.956596866523839
7.1.1,11.1.1,0.956834591963942
4.2.2,14.7.1,-0.95686548132835
17.8.1,15.2.1,0.956975172758134
4.3.1,3.2.1,0.957116477789526
11.6.2,1.4.1,-0.957318281546516
6.4.2,11.1.1,-0.957450849640904
4.3.1,1.4.1,-0.957546059947305
6.5.1,12.a.1,0.957977327178063
6.5.1,7.b.1,0.957977327178063
3.8.1,12.a.1,0.957977327178064
3.8.1,7.b.1,0.957977327178064
12.a.1,3.4.2,0.957977327178066
3.4.2,7.b.1,0.957977327178066
3.6.1,12.a.1,-0.957977327178066
3.6.1,7.b.1,-0.957977327178066
12.a.1,16.3.2,0.957977327178067
14.b.1,12.a.1,0.957977327178067
14.b.1,7.b.1,0.957977327178067
7.b.1,16.3.2,0.957977327178067
3.9.3,12.a.1,-0.957977327178068
3.9.3,7.b.1,-0.957977327178068
12.a.1,15.1.1,-0.957977878221221
15.1.1,7.b.1,-0.957977878221221
11.6.2,15.1.1,0.958082229569619
11.6.2,3.6.1,0.958082296374171
11.6.2,3.8.1,-0.958082296374171
11.6.2,16.3.2,-0.958082296374172
11.6.2,14.b.1,-0.958082296374173
11.6.2,3.9.3,0.958082296374173
11.6.2,3.4.2,-0.958082296374174
11.6.2,6.5.1,-0.958082296374177
6.1.1,11.6.2,0.958146328926885
6.1.1,6.6.1,0.958165731645008
7.1.2,17.3.2,0.958299814684803
15.6.1,17.3.2,0.958332468526149
11.1.1,1.4.1,-0.95846884150619
7.1.2,9.1.2,-0.958473714625473
8.8.2,11.1.1,-0.958643221616192
11.6.2,6.4.1,0.959071427347061
6.1.1,7.1.2,-0.959136296538577
6.6.1,3.4.1,-0.959622283118449
17.8.1,17.3.2,0.959883218836597
6.4.1,12.a.1,-0.959892548519107
6.4.1,7.b.1,-0.959892548519107
11.6.2,3.2.2,-0.960003039209729
1.5.4,9.4.1,-0.960265476054442
11.b.2,9.4.1,-0.960265476054442
13.1.3,9.4.1,-0.960265476054442
4.3.1,12.c.1,-0.960315510423514
11.1.1,1.3.1,-0.960368991306033
7.1.2,11.1.1,-0.960580548758947
6.4.1,9.4.1,0.960693915935631
2.a.1,16.2.2,0.960725174058092
3.b.1,2.1.2,0.96109103794127
6.1.1,3.b.1,0.961266205750147
6.6.1,15.2.1,-0.961311906850721
17.8.1,12.a.1,0.961690279055914
17.8.1,7.b.1,0.961690279055914
4.2.2,2.1.1,0.961732550056536
4.3.1,15.5.1,0.961747753266791
12.c.1,3.3.1,-0.961942769177401
7.1.1,3.4.1,-0.961956289287097
2.a.1,11.1.1,0.962242345220714
15.5.1,9.4.1,0.96233931042622
17.8.1,9.1.2,-0.962373477459268
4.3.1,15.1.1,0.962379008399277
4.3.1,3.6.1,0.96237901299243
4.3.1,14.b.1,-0.962379012992433
4.3.1,16.3.2,-0.962379012992433
4.3.1,3.8.1,-0.962379012992433
4.3.1,3.4.2,-0.962379012992434
3.9.3,4.3.1,0.962379012992435
6.5.1,4.3.1,-0.962379012992438
3.b.1,7.1.2,-0.962501928043692
3.2.1,15.2.1,-0.962738866916656
1.a.2,7.2.1,0.963004175069875
4.3.1,6.4.1,0.963156625777204
16.2.2,15.2.1,-0.963177989427503
14.7.1,9.4.1,0.963227332026222
3.2.2,3.3.1,-0.963312905949285
12.a.1,3.2.2,0.963443865421231
3.2.2,7.b.1,0.963443865421231
6.1.1,1.4.1,-0.963454345042248
15.5.1,12.a.1,-0.963462995176776
15.5.1,7.b.1,-0.963462995176776
2.1.1,3.3.1,-0.96359143792155
3.2.2,15.2.1,0.963760694635306
7.1.2,4.3.1,-0.963927607619898
11.6.2,2.1.1,-0.964057826542587
7.1.2,15.2.1,0.964154772763769
12.a.1,3.2.1,-0.964204362652215
3.2.1,7.b.1,-0.964204362652215
17.8.1,16.2.2,-0.964206612406335
11.1.1,3.4.1,-0.964895807209246
4.3.1,2.1.1,-0.964953968721234
15.5.1,15.2.1,-0.965004061058219
11.6.2,14.7.1,0.965140273072333
11.6.2,7.1.2,-0.965271170256782
1.3.1,1.4.1,0.965507377123788
17.8.1,4.3.1,-0.965784044516767
6.6.1,12.a.1,-0.965996866074551
6.6.1,7.b.1,-0.965996866074551
4.3.1,14.7.1,0.966102663147068
6.1.1,16.2.2,0.966109152459069
6.1.1,4.3.1,0.966125479374598
8.8.2,3.b.1,-0.966173339211774
6.1.1,17.8.1,-0.966488448485022
6.6.1,1.3.1,-0.966510537888062
4.3.1,3.2.2,-0.966530690858491
4.2.2,7.1.2,0.966596472976658
15.1.1,15.2.1,-0.966764375442561
14.b.1,15.2.1,0.9667646208777
3.4.2,15.2.1,0.9667646208777
3.9.3,15.2.1,-0.966764620877701
6.5.1,15.2.1,0.966764620877702
16.3.2,15.2.1,0.966764620877703
3.6.1,15.2.1,-0.966764620877706
3.8.1,15.2.1,0.966764620877706
6.1.1,14.7.1,0.966828528156648
3.9.3,3.3.1,0.967150362802344
3.8.1,3.3.1,-0.967150362802346
6.5.1,3.3.1,-0.967150362802346
16.3.2,3.3.1,-0.967150362802347
14.b.1,3.3.1,-0.967150362802348
3.4.2,3.3.1,-0.967150362802349
3.6.1,3.3.1,0.967150362802353
15.1.1,3.3.1,0.967150546915453
3.b.1,3.3.1,0.967304891339066
3.2.1,1.4.1,-0.967399839134664
8.8.2,2.1.2,-0.967407051633406
6.4.1,3.3.1,0.96743466407963
6.1.1,12.c.1,-0.967617522678594
3.b.1,2.1.1,-0.967684512477331
4.3.1,3.4.1,-0.967767723875027
12.a.1,2.1.1,0.968057588877539
7.b.1,2.1.1,0.968057588877539
7.1.2,1.4.1,0.96806439673876
12.c.1,9.1.2,-0.968384616595103
3.b.1,17.8.1,-0.968609901856115
3.b.1,6.2.1,0.968690547129938
6.1.1,3.2.2,-0.968725320339297
3.b.1,9.1.2,0.968842399063826
1.3.1,2.1.1,0.968881424980548
6.4.1,15.2.1,-0.968913955424486
16.2.2,2.1.2,0.969072473939804
6.1.1,15.1.1,0.969087086202522
6.1.1,14.b.1,-0.969087423704698
6.1.1,3.8.1,-0.969087423704699
6.1.1,3.4.2,-0.9690874237047
6.1.1,3.6.1,0.969087423704701
6.1.1,3.9.3,0.969087423704701
6.1.1,16.3.2,-0.969087423704702
6.1.1,6.5.1,-0.969087423704703
6.1.1,3.2.1,0.969099245971077
2.1.2,9.4.1,0.969193296732176
14.b.1,16.2.2,-0.969495461097483
3.4.2,16.2.2,-0.969495461097483
3.8.1,16.2.2,-0.969495461097484
6.5.1,16.2.2,-0.969495461097484
16.2.2,16.3.2,-0.969495461097486
3.9.3,16.2.2,0.969495461097487
3.6.1,16.2.2,0.969495461097488
15.1.1,16.2.2,0.969495559987944
9.1.2,3.2.2,-0.969499721589542
12.a.1,9.1.2,-0.96951629489956
9.1.2,7.b.1,-0.96951629489956
8.8.2,1.3.1,0.969549815330224
7.2.1,9.4.1,0.969635269792712
16.2.2,3.2.2,-0.969834510587198
6.5.1,9.1.2,-0.969909521925894
14.b.1,9.1.2,-0.969909521925895
3.4.2,9.1.2,-0.969909521925896
3.9.3,9.1.2,0.969909521925896
3.8.1,9.1.2,-0.969909521925898
9.1.2,16.3.2,-0.969909521925898
3.6.1,9.1.2,0.9699095219259
9.1.2,15.1.1,0.969909581110071
14.7.1,3.3.1,0.969933567685824
1.3.1,15.2.1,0.969995877605712
3.b.1,12.a.1,-0.970124168473886
3.b.1,7.b.1,-0.970124168473886
6.4.2,9.4.1,-0.970168818065999
3.4.1,1.4.1,0.970174331148911
6.6.1,3.3.1,0.970608251100672
9.1.2,2.1.2,0.970740520330645
14.7.1,16.2.2,0.970844496928337
6.6.1,11.1.1,0.970908751278606
12.c.1,16.2.2,-0.970943929439262
2.2.2,17.3.2,0.971017562921137
12.c.1,12.a.1,0.971059277737136
12.c.1,7.b.1,0.971059277737136
8.8.2,1.4.1,0.971111220086565
11.1.1,12.a.1,-0.971172505954081
11.1.1,7.b.1,-0.971172505954081
12.a.1,16.2.2,-0.97150014777889
16.2.2,7.b.1,-0.97150014777889
2.a.1,9.1.2,0.971633292324598
6.2.1,3.3.1,0.971862631784349
9.4.1,15.2.1,-0.971874780380636
8.8.2,6.6.1,-0.972100237730751
3.2.2,1.4.1,0.972159829047912
3.4.1,2.1.1,0.972277840549164
3.b.1,11.1.1,0.972491647667635
7.1.2,3.3.1,-0.97259112032961
17.8.1,1.4.1,0.972702539154192
8.8.2,3.4.1,0.972764297648878
2.2.2,3.4.1,0.972776550681108
11.1.1,9.4.1,0.973104320424628
6.1.1,6.4.1,0.973302959000878
3.b.1,16.2.2,0.973346101036657
15.1.1,1.4.1,-0.973395720489379
3.2.1,3.3.1,0.973396280376826
3.6.1,1.4.1,-0.973396462006052
3.8.1,1.4.1,0.973396462006054
1.4.1,16.3.2,0.973396462006056
14.b.1,1.4.1,0.973396462006056
3.4.2,1.4.1,0.973396462006056
3.9.3,1.4.1,-0.973396462006059
6.5.1,1.4.1,0.973396462006059
14.7.1,9.1.2,0.973709493145728
2.2.2,3.3.3,0.973726155036903
14.7.1,15.2.1,-0.973796803143968
3.2.1,9.1.2,0.974062546165089
3.2.1,16.2.2,0.974157669847418
6.4.1,16.2.2,0.974345207911788
16.2.2,9.4.1,0.974373506645261
6.4.1,9.1.2,0.974453455484404
6.1.1,11.1.1,0.97458451974365
3.b.1,3.2.2,-0.974653262888545
15.5.1,2.1.1,-0.974778140298785
15.5.1,9.1.2,0.974797029648172
3.b.1,3.8.1,-0.974931124030439
3.b.1,6.5.1,-0.97493112403044
3.b.1,14.b.1,-0.974931124030443
3.b.1,3.9.3,0.974931124030444
3.b.1,16.3.2,-0.974931124030445
3.b.1,3.4.2,-0.974931124030445
3.b.1,3.6.1,0.974931124030447
3.b.1,15.1.1,0.974931193471322
15.5.1,1.4.1,-0.974974088333099
6.1.1,2.1.2,0.975246316009107
3.b.1,14.7.1,0.975400331293626
11.1.1,9.1.2,0.975747134688597
6.4.1,1.4.1,-0.975956755694336
11.1.1,14.7.1,0.976211292167753
3.4.1,3.2.1,-0.976535171858765
6.6.1,9.1.2,0.976739284292708
2.a.1,6.4.2,-0.976861328111089
15.5.1,16.2.2,0.977061803837727
6.6.1,2.1.2,0.977127567318602
3.4.1,2.1.2,-0.977141562966057
6.1.1,15.5.1,0.977509230251152
14.7.1,1.4.1,-0.977571192914778
3.b.1,12.c.1,-0.978225164764227
11.1.1,15.1.1,0.978491875218603
11.1.1,14.b.1,-0.978492109580163
11.1.1,3.6.1,0.978492109580163
11.1.1,3.4.2,-0.978492109580164
3.8.1,11.1.1,-0.978492109580164
6.5.1,11.1.1,-0.978492109580164
11.1.1,16.3.2,-0.978492109580167
3.9.3,11.1.1,0.978492109580167
3.b.1,15.5.1,0.978606662135243
11.1.1,12.c.1,-0.978666940374022
12.c.1,2.1.2,-0.978870116694421
2.1.2,15.2.1,-0.979039485434668
17.8.1,11.1.1,-0.979178808948642
6.6.1,2.1.1,-0.979519065378926
11.1.1,3.2.2,-0.979822907358195
11.1.1,3.2.1,0.979964658736398
3.b.1,6.4.1,0.98003579999958
6.4.1,2.1.1,-0.980163249711952
8.8.2,14.7.1,-0.980672837344395
14.7.1,2.1.1,-0.980853201337276
11.1.1,2.1.2,0.980920190725132
9.1.2,15.2.1,-0.98096731840238
8.8.2,2.1.1,0.981070458146293
3.4.1,14.7.1,-0.981323232742463
11.1.1,16.2.2,0.981448160820017
6.4.1,3.4.1,-0.9818661453918
3.b.1,6.6.1,0.981956051647708
1.3.1,3.2.1,-0.982003961867716
12.c.1,3.4.1,0.982194188669547
9.1.2,9.4.1,0.982412042666946
8.8.2,15.5.1,-0.982491190374515
3.4.1,15.5.1,-0.982799491366046
6.4.1,11.1.1,0.982888223017296
6.6.1,16.2.2,0.983316506058251
2.1.2,1.4.1,-0.983332929213996
2.1.1,16.3.2,0.983517663919644
3.6.1,2.1.1,-0.983517663919644
3.8.1,2.1.1,0.983517663919644
6.5.1,2.1.1,0.983517663919645
14.b.1,2.1.1,0.983517663919646
3.4.2,2.1.1,0.983517663919646
3.9.3,2.1.1,-0.983517663919646
15.1.1,2.1.1,-0.983518173675881
7.1.2,2.1.2,-0.983556265749836
8.8.2,7.1.2,0.983643765327749
3.2.1,2.1.1,-0.983910168743035
1.3.1,2.1.2,-0.984028868678583
12.c.1,1.3.1,0.984206289793337
1.3.1,17.3.2,0.984293049581064
8.8.2,6.4.1,-0.984346861670707
15.5.1,1.3.1,-0.984616458131545
8.8.2,12.c.1,0.984745763508068
7.1.2,6.6.1,-0.984969434990697
17.8.1,6.6.1,-0.985424898422847
3.4.1,17.3.2,0.985638079677732
3.b.1,3.2.1,0.985744960719984
8.8.2,3.2.1,-0.985894609981432
1.3.1,14.7.1,-0.985941034271067
17.8.1,2.1.1,0.985956182875468
17.8.1,2.1.2,-0.985989119798976
3.4.1,15.1.1,-0.986104842088162
3.4.1,3.6.1,-0.986104842095503
3.4.1,16.3.2,0.986104842095507
3.4.1,3.4.2,0.986104842095507
3.9.3,3.4.1,-0.986104842095507
14.b.1,3.4.1,0.986104842095508
3.8.1,3.4.1,0.98610484209551
6.5.1,3.4.1,0.98610484209551
6.4.1,1.3.1,-0.986137017656914
8.8.2,15.1.1,-0.986471474548764
8.8.2,3.6.1,-0.986471474556109
8.8.2,3.8.1,0.986471474556109
8.8.2,16.3.2,0.986471474556112
8.8.2,6.5.1,0.986471474556112
8.8.2,14.b.1,0.986471474556113
8.8.2,3.4.2,0.986471474556113
8.8.2,3.9.3,-0.986471474556113
7.1.2,3.4.1,0.986493076027278
3.2.2,2.1.1,0.986625671093008
7.1.2,2.1.1,0.98670466347839
8.8.2,3.2.2,0.986945781262381
6.6.1,15.5.1,0.987371502366238
3.2.1,2.1.2,0.987735436629924
6.6.1,12.c.1,-0.987908216290029
12.c.1,2.1.1,0.988046543613162
3.4.1,3.2.2,0.988189576188849
3.2.2,2.1.2,-0.988566554714021
8.8.2,17.8.1,0.988773801306634
7.1.2,15.5.1,-0.988952829458827
6.6.1,3.2.2,-0.989568126303162
12.c.1,14.7.1,-0.989618304394995
2.a.1,9.4.1,0.989768363456781
1.3.1,3.2.2,0.989921907117285
6.5.1,6.6.1,-0.99001722722113
6.6.1,3.8.1,-0.99001722722113
6.6.1,14.b.1,-0.990017227221131
6.6.1,16.3.2,-0.990017227221131
6.6.1,3.4.2,-0.990017227221131
3.9.3,6.6.1,0.990017227221134
6.6.1,3.6.1,0.990017227221134
6.6.1,15.1.1,0.990017432393721
1.3.1,15.1.1,-0.990333634382908
3.9.3,1.3.1,-0.990333646128395
1.3.1,16.3.2,0.990333646128396
1.3.1,3.4.2,0.990333646128396
14.b.1,1.3.1,0.990333646128396
3.6.1,1.3.1,-0.990333646128396
6.5.1,1.3.1,0.990333646128398
3.8.1,1.3.1,0.9903336461284
6.6.1,14.7.1,0.990383807615639
11.1.1,15.5.1,0.990387853545053
17.8.1,1.3.1,0.990656561373363
11.6.2,4.3.1,0.990846686796346
9.1.2,16.2.2,0.990848029638676
6.6.1,6.4.1,0.99089690295793
15.1.1,2.1.2,0.990909973048262
3.4.2,2.1.2,-0.990910419717236
14.b.1,2.1.2,-0.990910419717237
2.1.2,16.3.2,-0.990910419717238
3.6.1,2.1.2,0.990910419717238
3.8.1,2.1.2,-0.990910419717238
3.9.3,2.1.2,0.990910419717238
6.5.1,2.1.2,-0.990910419717239
17.8.1,3.4.1,0.991604407480574
7.1.2,12.c.1,0.992202644611997
7.1.2,1.3.1,0.992417146687819
14.7.1,2.1.2,0.992439839272716
7.1.2,3.2.1,-0.993048961564861
6.6.1,3.2.1,0.993221766529683
6.4.1,2.1.2,0.99329937266406
15.5.1,2.1.2,0.993396812881982
7.1.2,6.4.1,-0.993773720415092
17.8.1,14.7.1,-0.993894230766364
6.4.1,12.c.1,-0.994061713628409
12.c.1,15.5.1,-0.994234195944895
7.1.2,14.7.1,-0.994499118449465
3.4.1,1.3.1,0.994658708188236
15.5.1,14.7.1,0.994930251982651
17.8.1,3.2.1,-0.994999549982088
7.1.2,17.8.1,0.995063460282126
12.c.1,3.2.1,-0.995744604671801
12.c.1,16.3.2,0.996034241736759
14.b.1,12.c.1,0.996034241736759
3.8.1,12.c.1,0.996034241736759
3.9.3,12.c.1,-0.996034241736759
6.5.1,12.c.1,0.996034241736759
12.c.1,3.4.2,0.99603424173676
12.c.1,3.6.1,-0.99603424173676
12.c.1,15.1.1,-0.996034502593391
17.8.1,15.5.1,-0.99612247489001
17.8.1,6.4.1,-0.996226844321977
7.1.2,3.2.2,0.996385698956513
17.8.1,12.c.1,0.996646616028385
15.5.1,3.2.1,0.99677985871472
3.9.3,7.1.2,-0.996822663489552
7.1.2,14.b.1,0.996822663489552
7.1.2,16.3.2,0.996822663489552
7.1.2,3.6.1,-0.996822663489552
7.1.2,3.4.2,0.996822663489553
7.1.2,3.8.1,0.996822663489553
6.5.1,7.1.2,0.996822663489554
7.1.2,15.1.1,-0.99682278505289
14.7.1,3.2.1,0.99686702700892
14.7.1,3.2.2,-0.996930454591675
12.c.1,3.2.2,0.997102922710075
15.5.1,3.2.2,-0.997248621265473
15.5.1,15.1.1,0.99740272794447
14.b.1,15.5.1,-0.997402852560731
15.5.1,3.4.2,-0.997402852560731
15.5.1,3.6.1,0.997402852560731
3.8.1,15.5.1,-0.997402852560731
6.5.1,15.5.1,-0.997402852560731
15.5.1,16.3.2,-0.997402852560732
3.9.3,15.5.1,0.997402852560732
14.7.1,15.1.1,0.997668933241278
3.8.1,14.7.1,-0.997669048743382
14.7.1,16.3.2,-0.997669048743383
14.b.1,14.7.1,-0.997669048743383
3.4.2,14.7.1,-0.997669048743383
3.6.1,14.7.1,0.997669048743383
3.9.3,14.7.1,0.997669048743383
6.5.1,14.7.1,-0.997669048743383
3.2.1,3.2.2,-0.997735458652236
17.8.1,3.6.1,-0.998244325461125
17.8.1,14.b.1,0.998244325461127
17.8.1,16.3.2,0.998244325461127
17.8.1,3.4.2,0.998244325461127
17.8.1,3.8.1,0.998244325461127
3.9.3,17.8.1,-0.998244325461128
6.5.1,17.8.1,0.998244325461128
17.8.1,15.1.1,-0.998244395827736
3.8.1,3.2.1,-0.998343652714287
6.5.1,3.2.1,-0.998343652714287
14.b.1,3.2.1,-0.998343652714288
3.2.1,16.3.2,-0.998343652714288
3.4.2,3.2.1,-0.998343652714288
3.9.3,3.2.1,0.998343652714288
3.6.1,3.2.1,0.998343652714289
3.2.1,15.1.1,0.998343674102284
6.4.1,3.2.2,-0.998502962492886
6.4.1,15.5.1,0.998504940704276
6.4.1,14.7.1,0.998617226969494
6.4.1,3.2.1,0.998921724804803
6.4.1,15.1.1,0.999163773775202
3.8.1,6.4.1,-0.999163868890793
3.9.3,6.4.1,0.999163868890794
6.4.1,14.b.1,-0.999163868890794
6.4.1,16.3.2,-0.999163868890794
6.4.1,3.4.2,-0.999163868890794
6.4.1,3.6.1,0.999163868890794
6.5.1,6.4.1,-0.999163868890794
17.8.1,3.2.2,0.99922667435386
14.b.1,3.2.2,0.999593310383046
3.2.2,16.3.2,0.999593310383046
3.4.2,3.2.2,0.999593310383046
3.6.1,3.2.2,-0.999593310383046
3.8.1,3.2.2,0.999593310383046
6.5.1,3.2.2,0.999593310383046
3.9.3,3.2.2,-0.999593310383047
15.1.1,3.2.2,-0.999593364860418
14.b.1,15.1.1,-0.999999999992549
15.1.1,16.3.2,-0.999999999992549
3.4.2,15.1.1,-0.99999999999255
3.6.1,15.1.1,0.99999999999255
3.8.1,15.1.1,-0.99999999999255
3.9.3,15.1.1,0.99999999999255
6.5.1,15.1.1,-0.99999999999255
1.5.4,11.b.2,1
11.5.1,1.5.1,1
11.b.1,1.5.3,1
12.a.1,7.b.1,1
13.1.1,1.5.1,1
13.1.1,11.5.1,1
13.1.2,1.5.3,1
13.1.2,11.b.1,1
13.1.3,1.5.4,1
13.1.3,11.b.2,1
14.b.1,16.3.2,1
14.b.1,3.4.2,1
14.b.1,3.6.1,-1
3.4.2,16.3.2,1
3.6.1,16.3.2,-1
3.6.1,3.4.2,-1
3.8.1,14.b.1,1
3.8.1,16.3.2,1
3.8.1,3.4.2,1
3.8.1,3.6.1,-1
3.9.3,14.b.1,-1
3.9.3,16.3.2,-1
3.9.3,3.4.2,-1
3.9.3,3.6.1,1
3.9.3,3.8.1,-1
6.5.1,14.b.1,1
6.5.1,16.3.2,1
6.5.1,3.4.2,1
6.5.1,3.6.1,-1
6.5.1,3.8.1,1
6.5.1,3.9.3,-1
